command,mean,stddev,median,user,system,min,max,parameter_param
../code/build/segmentation ../img/medalion.png 5 out.png,0.17126088958,0.011334608943381104,0.16740206498,0.16368258000000002,0.007199787199999999,0.16548490048,0.23007169348,../img/medalion.png 5 out.png
../code/build/segmentation ../img/half-life.png 5 out.png,0.6635225445599999,0.11190131880865982,0.6311934399800001,0.6375053999999999,0.01998926,0.6156370604800001,1.2233154554799999,../img/half-life.png 5 out.png
../code/build/segmentation ../img/sample_640_2.png 5 out.png,0.04456249382,0.0021659398475698923,0.04391069048,0.042623379999999995,0.0018800723999999997,0.043515287480000005,0.05507235448,../img/sample_640_2.png 5 out.png
../code/build/segmentation ../img/nyc.png 5 out.png,0.16062332974000001,0.019786940218739137,0.15631747398,0.15645455999999996,0.004066340399999998,0.15515441948,0.29462903748,../img/nyc.png 5 out.png
