command,mean,stddev,median,user,system,min,max,parameter_param
../code/src/lab01 ../code/images/medalion.png out.png 1,0.039418308299999996,0.0006178983584926807,0.03932713844,0.03568702000000001,0.0027067799999999993,0.037889929940000004,0.040831179940000004,../code/images/medalion.png out.png 1
../code/src/lab01 ../code/images/medalion.png out.png 2,0.16436027988000002,0.0016193629111092853,0.16402922144000004,0.14545016,0.014829799999999997,0.16176297094000003,0.17019217994000002,../code/images/medalion.png out.png 2
../code/src/lab01 ../code/images/nyc.png out.png 1,0.05321582497999998,0.000452224671843451,0.053163909440000004,0.05028696,0.0018850999999999996,0.05230138894,0.054583388940000005,../code/images/nyc.png out.png 1
../code/src/lab01 ../code/images/nyc.png out.png 2,0.14159672242000007,0.0014654357090870412,0.14129724294,0.12750002000000002,0.010835279999999997,0.13993988794,0.14798463794000002,../code/images/nyc.png out.png 2
../code/src/lab01 ../code/images/half-life.png out.png 1,0.10416619665999999,0.0009019300349217791,0.10395761744000001,0.09728588000000002,0.00485764,0.10264655494000001,0.10664917994,../code/images/half-life.png out.png 1
../code/src/lab01 ../code/images/half-life.png out.png 2,0.5781290115400001,0.047621356020716335,0.5553348464400001,0.49908880000000005,0.05723408000000001,0.54944634694,0.7805170129400001,../code/images/half-life.png out.png 2
