command,mean,stddev,median,user,system,min,max,parameter_param
../code/src/lab01 ../code/images/medalion.png out.png 1,0.038429364140000005,0.0006428577608527953,0.0384122407,0.03505736,0.002546219999999999,0.0372029492,0.0411386162,../code/images/medalion.png out.png 1
../code/src/lab01 ../code/images/medalion.png out.png 2,0.16129300254000004,0.002202318385160035,0.1606637827,0.14417125999999997,0.01431524,0.1591716162,0.1714405742,../code/images/medalion.png out.png 2
../code/src/lab01 ../code/images/nyc.png out.png 1,0.0522206584,0.0007268133497699927,0.0521221152,0.04967099999999999,0.0018110399999999997,0.0513079492,0.0548174072,../code/images/nyc.png out.png 1
../code/src/lab01 ../code/images/nyc.png out.png 2,0.13862269088000004,0.0016493709807954239,0.1380589287,0.12646595999999996,0.00982008,0.1364793662,0.14335686520000002,../code/images/nyc.png out.png 2
../code/src/lab01 ../code/images/half-life.png out.png 1,0.1027258384,0.002310016495173167,0.1024087827,0.09640111999999998,0.004651919999999999,0.09935532420000001,0.1154881992,../code/images/half-life.png out.png 1
../code/src/lab01 ../code/images/half-life.png out.png 2,0.5436962008399998,0.006010043084513187,0.5420609077,0.48599321999999995,0.048824739999999985,0.5390148662,0.5789849912,../code/images/half-life.png out.png 2
