command,mean,stddev,median,user,system,min,max,parameter_param
../code/src/lab01 ../code/images/medalion.png out.png 1,0.03887668418,0.000770344016149907,0.03866523864,0.035247799999999996,0.00264684,0.03774780164,0.041349926640000007,../code/images/medalion.png out.png 1
../code/src/lab01 ../code/images/medalion.png out.png 2,0.16295377332000005,0.002274935270794354,0.16302401014,0.14496914,0.014247899999999996,0.15963200964000002,0.17105051064000001,../code/images/medalion.png out.png 2
../code/src/lab01 ../code/images/nyc.png out.png 1,0.052976412480000006,0.0007455371071823663,0.052737113640000007,0.04995338000000001,0.0018912400000000002,0.05189330164000001,0.055636801640000004,../code/images/nyc.png out.png 1
../code/src/lab01 ../code/images/nyc.png out.png 2,0.14171241922000002,0.0021893614665711323,0.14100976014,0.12702342000000003,0.011085320000000001,0.13872534364000003,0.14971050964000002,../code/images/nyc.png out.png 2
../code/src/lab01 ../code/images/half-life.png out.png 1,0.10676114914,0.0028098148659921524,0.10636838514,0.09815383999999999,0.005690019999999999,0.10219846764,0.11730180164,../code/images/half-life.png out.png 1
../code/src/lab01 ../code/images/half-life.png out.png 2,0.55398532914,0.00645606759981857,0.5519813016399999,0.49048382,0.05157234,0.5457859686400001,0.58000771864,../code/images/half-life.png out.png 2
