command,mean,stddev,median,user,system,min,max,parameter_param
../code/src/lab01 ../code/images/medalion.png out.png 1,0.056459264960000005,0.004234153407102208,0.05576642892,0.051642799999999996,0.004761095999999999,0.05471756692,0.08457978892000001,../code/images/medalion.png out.png 1
../code/src/lab01 ../code/images/medalion.png out.png 2,0.26392773902,0.009900172867499207,0.26051680942,0.19785093999999998,0.06442593999999999,0.25577629092000004,0.31029292892000004,../code/images/medalion.png out.png 2
../code/src/lab01 ../code/images/half-life.png out.png 1,0.18854795438,0.004820055552868945,0.18701262592,0.17671658,0.011722039999999998,0.18529361692000001,0.21255508892000002,../code/images/half-life.png out.png 1
../code/src/lab01 ../code/images/half-life.png out.png 2,0.9338706872400003,0.02066764251985295,0.92721155292,0.6984477999999998,0.22763458,0.90802218892,0.99358957992,../code/images/half-life.png out.png 2
../code/src/lab01 ../code/images/nyc.png out.png 1,0.065791168,0.003956830221261957,0.06473938642,0.06161425999999997,0.0040980847999999995,0.06381307792,0.09052140692,../code/images/nyc.png out.png 1
../code/src/lab01 ../code/images/nyc.png out.png 2,0.21093258256000008,0.005356820584703257,0.20873763592,0.16162058000000004,0.048848079999999995,0.20706076692000003,0.23135053192000002,../code/images/nyc.png out.png 2
