command,mean,stddev,median,user,system,min,max,parameter_param
../code/src/lab01 ../code/images/medalion.png out.png 1,0.06300532156000002,0.0022206880226862133,0.06258386994000001,0.05308699999999998,0.009814999999999997,0.061588950940000005,0.07444487894000001,../code/images/medalion.png out.png 1
../code/src/lab01 ../code/images/medalion.png out.png 2,0.27162765481999995,0.009579109818538692,0.26811037894,0.20019963999999998,0.07027184,0.26448809694000003,0.31991673794000003,../code/images/medalion.png out.png 2
../code/src/lab01 ../code/images/half-life.png out.png 1,0.19587176166000006,0.005659432591872087,0.19377316094000002,0.17749506000000004,0.018222640000000002,0.19232526294,0.21909079994,../code/images/half-life.png out.png 1
../code/src/lab01 ../code/images/half-life.png out.png 2,0.9392234611600001,0.016448530192956116,0.9350025324400002,0.70338314,0.22831531999999996,0.9161846579400001,0.9764919269400001,../code/images/half-life.png out.png 2
../code/src/lab01 ../code/images/half-life-gauss.png out.png 1,0.17921848097999998,0.006217990107124173,0.17748309444,0.1688981,0.010099642399999997,0.17612602994,0.21666819494,../code/images/half-life-gauss.png out.png 1
../code/src/lab01 ../code/images/half-life-gauss.png out.png 2,0.9288723435400001,0.017205659824965868,0.9247812854400002,0.7027679400000001,0.21908817999999988,0.9025625809400001,0.9828938389400002,../code/images/half-life-gauss.png out.png 2
../code/src/lab01 ../code/images/nyc.png out.png 1,0.07232196008000001,0.0025848429308680423,0.07166259294000002,0.06315822,0.009069651199999997,0.07092078194000001,0.08420140294000002,../code/images/nyc.png out.png 1
../code/src/lab01 ../code/images/nyc.png out.png 2,0.21880856144000002,0.008665214985937681,0.21611768044000002,0.16624966,0.05190209999999999,0.21388794994000002,0.25762958694,../code/images/nyc.png out.png 2
